{
  "id": "b6d2d007-7842-4e8c-b85f-a0f9420bfc2c",
  "name": "details",
  "isOverridable": true,
  "entries": [
    {
      "value": "ocean",
      "synonyms": [
        "ocean"
      ]
    },
    {
      "value": "sea",
      "synonyms": [
        "sea"
      ]
    },
    {
      "value": "underwater",
      "synonyms": [
        "underwater"
      ]
    },
    {
      "value": "nature",
      "synonyms": [
        "nature"
      ]
    },
    {
      "value": "fish",
      "synonyms": [
        "fish"
      ]
    },
    {
      "value": "wildlife",
      "synonyms": [
        "wildlife"
      ]
    },
    {
      "value": "marine",
      "synonyms": [
        "marine"
      ]
    },
    {
      "value": "no person",
      "synonyms": [
        "no person"
      ]
    },
    {
      "value": "animal",
      "synonyms": [
        "animal"
      ]
    },
    {
      "value": "swimming",
      "synonyms": [
        "swimming"
      ]
    },
    {
      "value": "aquatic",
      "synonyms": [
        "aquatic"
      ]
    },
    {
      "value": "outdoors",
      "synonyms": [
        "outdoors"
      ]
    },
    {
      "value": "travel",
      "synonyms": [
        "travel"
      ]
    },
    {
      "value": "fair weather",
      "synonyms": [
        "fair weather"
      ]
    },
    {
      "value": "desktop",
      "synonyms": [
        "desktop"
      ]
    },
    {
      "value": "tropical",
      "synonyms": [
        "tropical"
      ]
    },
    {
      "value": "sun",
      "synonyms": [
        "sun"
      ]
    },
    {
      "value": "reef",
      "synonyms": [
        "reef"
      ]
    },
    {
      "value": "driving",
      "synonyms": [
        "driving"
      ]
    }
  ],
  "isEnum": false,
  "automatedExpansion": false
}